赛道,公司,类型,股票代码或轮次,总部,与赛道的关联(一句话、具体到什么产品/环节),来源URL,来源日期
脑机接口,博睿康科技(常州)股份有限公司,独角兽(科创板IPO已受理),IPO申报中(拟募资25亿元),江苏常州,植入式脑机接口系统NeuSen NEO于2026年3月获NMPA三类注册证 为全球首个获批上市的侵入式脑机接口医疗器械,https://www.cls.cn/detail/2397850,2026-06
脑机接口,上海脑虎科技有限公司(NeuroXess),独角兽,A轮,上海,微创侵入式高通量柔性脑机接口(256通道柔性电极) 2025年携手华山医院开展国内首例汉语实时解码临床试验,https://www.cls.cn/detail/2243442,2025-12
脑机接口,浙江强脑科技有限公司(BrainCo),独角兽,Pre-IPO轮(约20亿元 投后估值超13亿美元),浙江杭州,非侵入式脑机接口(智能仿生手等) 已以保密形式向港交所提交IPO申请、有望成脑机接口领域首家上市公司,https://hznews.hangzhou.com.cn/jingji/content/2026-01/13/content_9161461.htm,2026-01
脑机接口,上海阶梯医疗科技有限公司,独角兽,B轮(3.5亿元 2025年2月),上海,植入式脑机接口(神经界面电极与植入式平台系统) 3.5亿元B轮为国内植入式脑机接口行业最大单笔融资,https://finance.sina.com.cn/stock/stockzmt/2025-02-12/doc-inekfnme9314586.shtml,2025-02
脑机接口,创新医疗管理股份有限公司,A股,002173,浙江诸暨,旗下博灵脑机(杭州)研发脑机接口康复产品 赛博灵科AC5上肢运动功能辅助系统2025年四季度上市并实现销售收入,https://wap.eastmoney.com/a/202601123615978580.html,2026-01
脑机接口,三博脑科医院管理集团股份有限公司,A股,301293,北京,神经外科专科医疗集团、脑机接口临床转化平台 2025年6月参与完成全球首例介入式脑机接口辅助人体患肢运动功能修复试验,https://health.ifeng.com/c/8kRzC5WKdAl,2025-06
脑机接口,河南翔宇医疗设备股份有限公司,A股,688626,河南安阳,康复器械龙头自研全链条非侵入式脑机接口设备(两款脑电采集装置已获注册证) 覆盖作业/运动/认知言语/吞咽等康复全场景,http://stock.stockstar.com/RB2026010600035600.shtml,2026-01
脑机接口,上海心玮医疗科技股份有限公司,港股,6609.HK,上海,神经介入器械龙头布局介入式脑机接口 "脑机接口系统"项目入选2025年人工智能医疗器械创新任务揭榜挂帅名单,https://m.jrj.com.cn/madapter/stock/2026/07/14073557784050.shtml,2026-07
脑机接口,北京品驰医疗设备股份有限公司,独角兽(科创板IPO辅导中),IPO辅导(2024年12月完成辅导验收),北京,国产脑起搏器龙头(脑深部电刺激、迷走神经刺激器等植入式神经调控产品) 卡位脑机接口产业链植入式神经调控环节,https://www.news.cn/fortune/20250711/f653a7b3f9014106820deaa3b2959f22/c.html,2025-07
